{"cameraMode":{"drawMode":0,"name":"Shaded","section":"Shading Mode"},"sceneLighting":true,"audioPlay":false,"sceneViewState":{"m_AlwaysRefresh":false,"showFog":true,"showSkybox":true,"showFlares":true,"showImageEffects":true,"showParticleSystems":true,"showVisualEffectGraphs":true,"m_FxEnabled":true},"in2DMode":false,"pivot":{"x":-0.6175491809844971,"y":-0.6988569498062134,"z":0.5320974588394165},"rotation":{"x":-0.11616827547550202,"y":-0.5597534775733948,"z":0.07962924242019654,"w":-0.8166067004203796},"size":0.8392056226730347,"orthographic":false}